-- -------------------------------------------------------------
-- TablePlus 6.6.5(626)
--
-- https://tableplus.com/
--
-- Database: database.sqlite
-- Generation Time: 2025-07-01 17:19:11.4030
-- -------------------------------------------------------------


DROP TABLE IF EXISTS "migrations";
CREATE TABLE "migrations" ("id" integer primary key autoincrement not null, "migration" varchar not null, "batch" integer not null);

DROP TABLE IF EXISTS "sqlite_sequence";
CREATE TABLE sqlite_sequence(name,seq);

DROP TABLE IF EXISTS "users";
CREATE TABLE "users" ("id" integer primary key autoincrement not null, "name" varchar not null, "username" varchar not null, "email" varchar not null, "email_verified_at" datetime, "password" varchar not null, "remember_token" varchar, "created_at" datetime, "updated_at" datetime);

DROP TABLE IF EXISTS "password_reset_tokens";
CREATE TABLE "password_reset_tokens" ("email" varchar not null, "token" varchar not null, "created_at" datetime, primary key ("email"));

DROP TABLE IF EXISTS "sessions";
CREATE TABLE "sessions" ("id" varchar not null, "user_id" integer, "ip_address" varchar, "user_agent" text, "payload" text not null, "last_activity" integer not null, primary key ("id"));

DROP TABLE IF EXISTS "cache";
CREATE TABLE "cache" ("key" varchar not null, "value" text not null, "expiration" integer not null, primary key ("key"));

DROP TABLE IF EXISTS "cache_locks";
CREATE TABLE "cache_locks" ("key" varchar not null, "owner" varchar not null, "expiration" integer not null, primary key ("key"));

DROP TABLE IF EXISTS "jobs";
CREATE TABLE "jobs" ("id" integer primary key autoincrement not null, "queue" varchar not null, "payload" text not null, "attempts" integer not null, "reserved_at" integer, "available_at" integer not null, "created_at" integer not null);

DROP TABLE IF EXISTS "job_batches";
CREATE TABLE "job_batches" ("id" varchar not null, "name" varchar not null, "total_jobs" integer not null, "pending_jobs" integer not null, "failed_jobs" integer not null, "failed_job_ids" text not null, "options" text, "cancelled_at" integer, "created_at" integer not null, "finished_at" integer, primary key ("id"));

DROP TABLE IF EXISTS "failed_jobs";
CREATE TABLE "failed_jobs" ("id" integer primary key autoincrement not null, "uuid" varchar not null, "connection" text not null, "queue" text not null, "payload" text not null, "exception" text not null, "failed_at" datetime not null default CURRENT_TIMESTAMP);

DROP TABLE IF EXISTS "posts";
CREATE TABLE "posts" ("id" integer primary key autoincrement not null, "title" varchar not null, "author_id" integer not null, "category_id" integer not null, "slug" varchar not null, "body" text not null, "created_at" datetime, "updated_at" datetime, foreign key("author_id") references "users"("id"), foreign key("category_id") references "categories"("id"));

DROP TABLE IF EXISTS "categories";
CREATE TABLE "categories" ("id" integer primary key autoincrement not null, "name" varchar not null, "slug" varchar not null, "color" varchar not null, "created_at" datetime, "updated_at" datetime);

INSERT INTO "migrations" ("id", "migration", "batch") VALUES
('1', '0001_01_01_000000_create_users_table', '1'),
('2', '0001_01_01_000001_create_cache_table', '1'),
('3', '0001_01_01_000002_create_jobs_table', '1'),
('4', '2025_06_21_152719_create_posts_table', '1'),
('5', '2025_06_22_145631_create_categories_table', '1');

INSERT INTO "sqlite_sequence" ("name", "seq") VALUES
('migrations', '5'),
('categories', '4'),
('users', '6'),
('posts', '101');

INSERT INTO "users" ("id", "name", "username", "email", "email_verified_at", "password", "remember_token", "created_at", "updated_at") VALUES
('1', 'Ardhan Rahman', 'ardhan', 'ardhanthend@gmail.com', '2025-06-28 16:14:24', '$2y$12$H0QuPQRfrCxNElo0E45.Xeg7KEOMosu89GZRnepLp442e8WRgckoi', 'dR0MrIOGTB', '2025-06-28 16:14:24', '2025-06-28 16:14:24'),
('2', 'Bakti Saka Siregar S.Pd', 'lsamosir', 'jelita64@example.org', '2025-06-28 16:14:24', '$2y$12$Gvlvm1IoEtOx58vAv.X91.g0YA6b.rq0DbeHUWNgTgWcDyJQ9q/5e', 'mCI9bQIPR3', '2025-06-28 16:14:24', '2025-06-28 16:14:24'),
('3', 'Lasmanto Mustofa S.Sos', 'eka.uyainah', 'melinda82@example.com', '2025-06-28 16:14:24', '$2y$12$Gvlvm1IoEtOx58vAv.X91.g0YA6b.rq0DbeHUWNgTgWcDyJQ9q/5e', 'Si1lfDbRtu', '2025-06-28 16:14:24', '2025-06-28 16:14:24'),
('4', 'Chelsea Aryani M.M.', 'nilam.hastuti', 'knasyidah@example.net', '2025-06-28 16:14:24', '$2y$12$Gvlvm1IoEtOx58vAv.X91.g0YA6b.rq0DbeHUWNgTgWcDyJQ9q/5e', 'spJgIDNyKZ', '2025-06-28 16:14:24', '2025-06-28 16:14:24'),
('5', 'Ikin Sihotang', 'ssinaga', 'hsihombing@example.com', '2025-06-28 16:14:24', '$2y$12$Gvlvm1IoEtOx58vAv.X91.g0YA6b.rq0DbeHUWNgTgWcDyJQ9q/5e', 'XOh0rdX6yg', '2025-06-28 16:14:24', '2025-06-28 16:14:24'),
('6', 'Dalimin Jaka Tamba', 'ulya61', 'karen.puspasari@example.org', '2025-06-28 16:14:24', '$2y$12$Gvlvm1IoEtOx58vAv.X91.g0YA6b.rq0DbeHUWNgTgWcDyJQ9q/5e', 'lJVpmh2Fz9', '2025-06-28 16:14:24', '2025-06-28 16:14:24');

INSERT INTO "sessions" ("id", "user_id", "ip_address", "user_agent", "payload", "last_activity") VALUES
('0PvrG6ibD9Z65NIi5WRRRVQDxLkPKdJEpGvdVFZu', NULL, '127.0.0.1', 'Mozilla/5.0 (Macintosh; Intel Mac OS X 10_15_7) AppleWebKit/605.1.15 (KHTML, like Gecko)', 'YTo0OntzOjY6Il90b2tlbiI7czo0MDoiazZ1TWJ5VHduWlBSeEtFVFFnOHNTSm1tRnRtWGNXZFJTeE0yVmVTViI7czoyMjoiUEhQREVCVUdCQVJfU1RBQ0tfREFUQSI7YTowOnt9czo5OiJfcHJldmlvdXMiO2E6MTp7czozOiJ1cmwiO3M6MzY6Imh0dHA6Ly9tdXNldW0td2ViLnRlc3QvP2hlcmQ9cHJldmlldyI7fXM6NjoiX2ZsYXNoIjthOjI6e3M6Mzoib2xkIjthOjA6e31zOjM6Im5ldyI7YTowOnt9fX0=', '1751210692'),
('BFISlZNWlmOEKi93zFzsbWzQJ8IVifkRbXurVdEJ', NULL, '127.0.0.1', 'Mozilla/5.0 (iPhone; CPU iPhone OS 15_0 like Mac OS X) AppleWebKit/603.1.30 (KHTML, like Gecko) Version/17.5 Mobile/15A5370a Safari/602.1', 'YTo0OntzOjY6Il90b2tlbiI7czo0MDoiVTViS2ViTTBQTGdWTWMwRjRQZ3pGVjJ4bHhzV2FsaFB6cW9JaERLaSI7czoyMjoiUEhQREVCVUdCQVJfU1RBQ0tfREFUQSI7YTowOnt9czo5OiJfcHJldmlvdXMiO2E6MTp7czozOiJ1cmwiO3M6ODQ6Imh0dHA6Ly9sb2NhbGhvc3Q6ODAwMC9wb3N0cy92ZWwtaXBzdW0tdmVsLWFjY3VzYW11cy1zZWQtYWRpcGlzY2ktZWxpZ2VuZGktYWxpcXVhbS11dCI7fXM6NjoiX2ZsYXNoIjthOjI6e3M6Mzoib2xkIjthOjA6e31zOjM6Im5ldyI7YTowOnt9fX0=', '1751209372'),
('HWKK6bE1JUnNtIl2OTumwDCxwsG6xWwHhaSm6Gai', NULL, '127.0.0.1', 'Mozilla/5.0 (Macintosh; Intel Mac OS X 10_15_7) AppleWebKit/605.1.15 (KHTML, like Gecko)', 'YTo0OntzOjY6Il90b2tlbiI7czo0MDoibnNnemJWNG91YjVFNHNTenVZUHp3YmQ4Tm80V3ZsOGtMRUo1WDdJUyI7czoyMjoiUEhQREVCVUdCQVJfU1RBQ0tfREFUQSI7YTowOnt9czo5OiJfcHJldmlvdXMiO2E6MTp7czozOiJ1cmwiO3M6MzY6Imh0dHA6Ly9tdXNldW0td2ViLnRlc3QvP2hlcmQ9cHJldmlldyI7fXM6NjoiX2ZsYXNoIjthOjI6e3M6Mzoib2xkIjthOjA6e31zOjM6Im5ldyI7YTowOnt9fX0=', '1751360081'),
('Qtp6mgjRnS1xJ9IE4xKHZ3uPEwpNNVZwMwlsu22r', NULL, '127.0.0.1', 'Mozilla/5.0 (Macintosh; Intel Mac OS X 10_15_7) AppleWebKit/605.1.15 (KHTML, like Gecko) Version/18.5 Safari/605.1.15', 'YTo0OntzOjY6Il90b2tlbiI7czo0MDoiemdreDVoMXdkUlFwalJFQWc4VndvVW5EM1FYVGo1N3BMUXpDZVRtcCI7czoyMjoiUEhQREVCVUdCQVJfU1RBQ0tfREFUQSI7YTowOnt9czo5OiJfcHJldmlvdXMiO2E6MTp7czozOiJ1cmwiO3M6MzU6Imh0dHA6Ly9tdXNldW0td2ViLnRlc3QvcG9zdHM/cGFnZT0xIjt9czo2OiJfZmxhc2giO2E6Mjp7czozOiJvbGQiO2E6MDp7fXM6MzoibmV3IjthOjA6e319fQ==', '1751209878'),
('d0f3tLFIkrS70HRWU3xNp8wdtTmOwwuhzMzV4UOx', NULL, '127.0.0.1', 'Mozilla/5.0 (Macintosh; Intel Mac OS X 10_15_7) AppleWebKit/605.1.15 (KHTML, like Gecko) Version/18.5 Safari/605.1.15', 'YTo0OntzOjY6Il90b2tlbiI7czo0MDoiMjdMY0dncktSbHpicUVPZWlSVHdhT3Vya2ZyN3F1M0JwYnJSdFJVViI7czoyMjoiUEhQREVCVUdCQVJfU1RBQ0tfREFUQSI7YTowOnt9czo5OiJfcHJldmlvdXMiO2E6MTp7czozOiJ1cmwiO3M6MjI6Imh0dHA6Ly9tdXNldW0td2ViLnRlc3QiO31zOjY6Il9mbGFzaCI7YToyOntzOjM6Im9sZCI7YTowOnt9czozOiJuZXciO2E6MDp7fX19', '1751360123'),
('qB8eR21mhIMuUF2yywKTG9tGLd8iw7lFjikiJiLX', NULL, '127.0.0.1', 'Mozilla/5.0 (Macintosh; Intel Mac OS X 10_15_7) AppleWebKit/605.1.15 (KHTML, like Gecko) Version/18.5 Safari/605.1.15', 'YTo0OntzOjY6Il90b2tlbiI7czo0MDoiRlR5Q2dwcTIyNlhwV0xRdmt0TUhKZllNc1ZnN2lrbG5PTmtIcDkwViI7czoyMjoiUEhQREVCVUdCQVJfU1RBQ0tfREFUQSI7YTowOnt9czo5OiJfcHJldmlvdXMiO2E6MTp7czozOiJ1cmwiO3M6Mzg6Imh0dHA6Ly9sb2NhbGhvc3Q6ODAwMC9wb3N0cy9hbmpheS1rZWNlIjt9czo2OiJfZmxhc2giO2E6Mjp7czozOiJvbGQiO2E6MDp7fXM6MzoibmV3IjthOjA6e319fQ==', '1751209586');

INSERT INTO "posts" ("id", "title", "author_id", "category_id", "slug", "body", "created_at", "updated_at") VALUES
('1', 'In quaerat alias soluta enim distinctio.', '3', '1', 'accusamus-sit-minima-vitae-eos-qui-placeat', 'Deserunt non qui quam maxime voluptatem explicabo ratione. Commodi ut repellat id sequi. Hic sit voluptate ipsum laudantium repudiandae.', '2025-06-28 16:14:24', '2025-06-28 16:14:24'),
('2', 'Neceeessitatibus veniam inventore error.', '6', '1', 'vel-ipsum-vel-accusamus-sed-adipisci-eligendi-aliquam-ut', 'At perferendis velit saepe mollitia qui enim et. Sed ducimus facere quaerat labore autem possimus. Sint sit sed et accusantium.', '2025-06-28 16:14:25', '2025-06-28 16:14:25'),
('3', 'Similique ut numquam cupiditate dolorem architecto quasi.', '2', '4', 'minima-deleniti-tempore-quibusdam-molestiae-quam', 'Voluptatibus sapiente ipsa sit deserunt voluptatem quam. Atque ea dolorum aperiam quidem dolor labore. Aliquid atque est magnam. Excepturi quae velit at quisquam itaque ullam aspernatur consectetur.', '2025-06-28 16:14:25', '2025-06-28 16:14:25'),
('4', 'Unde non eum iste culpa.', '6', '1', 'officiis-rerum-sit-molestias-quo-eum-sequi-architecto', 'Cumque voluptatem velit doloribus repellat ut omnis quis. Et sapiente nobis et. Modi earum sit qui temporibus temporibus explicabo repudiandae.', '2025-06-28 16:14:25', '2025-06-28 16:14:25'),
('5', 'Eum aliquid vitae corrupti harum maxime.', '4', '4', 'voluptas-et-ipsam-tempora', 'Quas voluptas rerum veritatis incidunt. Perspiciatis sint voluptas non dolores animi at eum nisi. Vel libero quia nemo.', '2025-06-28 16:14:25', '2025-06-28 16:14:25'),
('6', 'Voluptates cumque eum ullam quam.', '1', '1', 'quis-modi-omnis-ad-nihil-et', 'Aut delectus est expedita. Ea accusantium debitis alias sit. Eius voluptatem magnam adipisci ad ut. Et fugiat aut qui praesentium non ad quia. Distinctio ut sit odit est consequatur.', '2025-06-28 16:14:25', '2025-06-28 16:14:25'),
('7', 'Laborum et quis inventore ut nihil doloremque.', '4', '3', 'eos-animi-est-et-ut', 'Fugiat reiciendis sed et ex. Dolores dignissimos esse mollitia rerum sit inventore. A quasi eum velit aliquam optio. Occaecati dolores ut perferendis porro vero.', '2025-06-28 16:14:25', '2025-06-28 16:14:25'),
('8', 'Delectus quisquam vel aut fugiat occaecati in.', '2', '4', 'ratione-provident-consectetur-quod-dignissimos-et-at', 'Fugiat id corporis culpa. Quidem et commodi aut magnam dolorem. Harum soluta est non nihil fuga rerum ut ut. Assumenda sint voluptates dolor exercitationem dolore. Qui aut consequatur eum libero.', '2025-06-28 16:14:25', '2025-06-28 16:14:25'),
('9', 'Voluptas officiis qui atque qui aliquam qui.', '4', '2', 'architecto-aperiam-explicabo-et-officia-maxime-iure-alias-doloremque', 'Cumque saepe ut id. Impedit sunt sed libero. Cumque perferendis placeat qui aliquam neque error vel. Accusantium unde quo aut quod. Qui et molestias molestiae provident sit.', '2025-06-28 16:14:25', '2025-06-28 16:14:25'),
('10', 'Ut labore sit molestiae aut ut magnam consectetur.', '4', '3', 'voluptatum-sapiente-assumenda-veritatis-et-odit', 'Magnam minima qui corrupti. Eveniet in sint qui qui rerum. Voluptas repellendus mollitia maxime est. Id assumenda non reiciendis aliquid consequuntur exercitationem saepe.', '2025-06-28 16:14:25', '2025-06-28 16:14:25'),
('11', 'Aut adipisci non iste earum sunt.', '5', '4', 'nihil-quasi-voluptatem-expedita-qui-sequi-doloribus', 'Atque enim et vero inventore corrupti consequatur. At fuga et libero. Ut molestiae odit exercitationem a. Magni vel itaque inventore maiores molestiae quibusdam quae maiores.', '2025-06-28 16:14:25', '2025-06-28 16:14:25'),
('12', 'Sunt tempore quidem vero autem illum.', '2', '3', 'aliquam-sequi-odit-et-commodi', 'Aliquam esse in tenetur nobis enim praesentium. Eligendi rerum sequi in nihil maiores. Fugiat dolores et est et sed tenetur. Deserunt amet asperiores vitae ad cumque.', '2025-06-28 16:14:25', '2025-06-28 16:14:25'),
('13', 'Impedit hic autem voluptas aut unde eaque et.', '6', '1', 'ut-voluptates-et-molestias-ut', 'Error pariatur aut eligendi eum deleniti. Perspiciatis sequi perferendis omnis doloribus quibusdam deleniti saepe.', '2025-06-28 16:14:25', '2025-06-28 16:14:25'),
('14', 'Molestiae modi consectetur omnis consequatur maiores doloribus harum.', '3', '4', 'maxime-tenetur-ullam-reprehenderit-esse-magnam-repellat-expedita', 'Voluptas veritatis inventore nulla voluptatum. Sed dolores eum fugit fuga quia laboriosam inventore.', '2025-06-28 16:14:25', '2025-06-28 16:14:25'),
('15', 'Qui sed nam est sed vel dolore qui aliquam.', '2', '4', 'id-non-suscipit-iste-atque', 'Et est quia ut nulla voluptas omnis. Iusto sint fugit quo et consequatur voluptate nesciunt. Suscipit doloribus quia modi ducimus officia.', '2025-06-28 16:14:25', '2025-06-28 16:14:25'),
('16', 'Cupiditate reprehenderit et cupiditate cumque qui.', '6', '2', 'ad-quibusdam-sed-necessitatibus-velit-et-voluptatem', 'Aliquam tempore deleniti voluptate libero molestiae eius exercitationem. Ipsa aut est libero saepe dolor et. Nemo consequatur ut qui possimus dolorem esse qui. Earum corrupti ut aut sit.', '2025-06-28 16:14:25', '2025-06-28 16:14:25'),
('17', 'Provident assumenda ut odio laboriosam dolorem dolores et.', '3', '4', 'laboriosam-repellat-iste-et-consectetur-voluptatem-libero-qui-eos', 'Possimus quod aperiam quibusdam fugit qui sit ipsam non. Quia qui vitae sit temporibus optio dolor. Pariatur illum cumque commodi odit voluptate omnis. Quia qui dolores hic fugit.', '2025-06-28 16:14:25', '2025-06-28 16:14:25'),
('18', 'Praesentium expedita at animi repudiandae.', '3', '3', 'aliquid-omnis-ipsam-eos-perferendis', 'Sunt quis fugiat quisquam magnam et qui dolore. Ut qui error aliquid accusantium. Laboriosam sequi possimus deleniti cumque. Facere ipsa quo odio aspernatur. Expedita nulla consequatur molestias.', '2025-06-28 16:14:25', '2025-06-28 16:14:25'),
('19', 'Neque sunt blanditiis sed soluta suscipit.', '4', '4', 'assumenda-voluptatem-quam-placeat-asperiores-corrupti-molestias', 'Eligendi sed ducimus molestiae velit eos odio. Sit ratione ut tempora saepe autem aut ullam.', '2025-06-28 16:14:25', '2025-06-28 16:14:25'),
('20', 'Pariatur occaecati omnis excepturi illo.', '1', '1', 'et-ut-necessitatibus-ad-vel-ipsam-occaecati', 'Incidunt error asperiores adipisci dolorem eius. Odio cumque et porro enim. Reprehenderit dolor aperiam praesentium cumque et dolor laboriosam. Fugit molestiae excepturi ut.', '2025-06-28 16:14:25', '2025-06-28 16:14:25'),
('21', 'Explicabo aut totam ipsam autem molestiae.', '1', '4', 'doloribus-autem-voluptatibus-numquam-aut-eos-perferendis', 'Soluta repellat et corrupti iusto voluptatem doloremque. Qui alias facilis porro perferendis exercitationem recusandae est.', '2025-06-28 16:14:25', '2025-06-28 16:14:25'),
('22', 'Mollitia ut maiores voluptas laboriosam vel dicta aliquid.', '1', '4', 'voluptatem-molestiae-quod-aut-distinctio-adipisci-cumque', 'Quos in et quas inventore. Id vel tempora minima reprehenderit in. Dolorem dolore consequatur nemo qui deleniti. Ut quaerat magni dolor est magni est.', '2025-06-28 16:14:25', '2025-06-28 16:14:25'),
('23', 'Amet eum dolores quas quia facere et voluptas culpa.', '2', '1', 'mollitia-et-corrupti-perferendis-ut-placeat-voluptatem-similique-illum', 'Quidem voluptas minima vel sit. Repellat praesentium amet aperiam voluptatem est ipsum ad eveniet.', '2025-06-28 16:14:25', '2025-06-28 16:14:25'),
('24', 'Ipsum ut eum impedit qui ea.', '2', '3', 'in-consectetur-tempora-suscipit-et-voluptas-libero-eaque-deserunt', 'Dolorem ea officiis eligendi et quaerat veniam. Consequatur et reprehenderit sunt fugiat dolores rerum et. Consectetur commodi est voluptatem sint voluptas nemo et et.', '2025-06-28 16:14:25', '2025-06-28 16:14:25'),
('25', 'Ea expedita consequatur qui eveniet repellendus ad.', '5', '4', 'assumenda-quia-aspernatur-non-eum', 'Suscipit quisquam soluta qui in quia aut. Quis iusto quo consequatur corrupti fuga deleniti. Eos minus excepturi omnis expedita quasi. Vel dolor ipsum sed voluptatem repudiandae deleniti dolorem.', '2025-06-28 16:14:25', '2025-06-28 16:14:25'),
('26', 'Amet aperiam voluptatem amet sit et.', '2', '3', 'qui-nobis-provident-accusantium', 'Sed iste alias non minus enim. Amet eos nesciunt repellendus. Quidem enim et temporibus quia et. Fuga optio molestiae possimus deleniti quaerat fuga nemo. Nihil minus et cum repellendus.', '2025-06-28 16:14:25', '2025-06-28 16:14:25'),
('27', 'Quia veniam dolorum repellendus ut facilis magni voluptas.', '2', '1', 'necessitatibus-ex-eius-soluta-et-voluptatem-ut-inventore', 'Libero voluptatibus corrupti eos quas ut sunt. Rerum libero provident id consequatur odio quaerat.', '2025-06-28 16:14:25', '2025-06-28 16:14:25'),
('28', 'Facere sint quam placeat.', '4', '1', 'quaerat-assumenda-adipisci-necessitatibus-reprehenderit-nulla-excepturi', 'Cupiditate laboriosam iusto rem officia eum. Recusandae exercitationem qui aut nostrum. Totam est consequuntur atque repellat. Dolor quaerat harum suscipit saepe et ut.', '2025-06-28 16:14:25', '2025-06-28 16:14:25'),
('29', 'Explicabo qui dolor labore nemo dolor pariatur quod.', '1', '3', 'et-qui-occaecati-eligendi', 'Dicta sunt pariatur quia aut. Tempora rerum voluptas dolores consequuntur explicabo impedit voluptatem. Eius qui ut inventore et cupiditate non. Eligendi voluptates aut fuga repellat.', '2025-06-28 16:14:25', '2025-06-28 16:14:25'),
('30', 'Est est rerum consectetur.', '1', '3', 'odio-itaque-et-eos-et-enim-dicta-ratione', 'Ratione est deserunt dolorum quod. Unde voluptatem vitae maiores autem. Error et corporis aut et qui. Laudantium atque excepturi et maiores.', '2025-06-28 16:14:25', '2025-06-28 16:14:25'),
('31', 'Vel explicabo autem aliquid non aperiam quam.', '4', '2', 'rerum-maxime-mollitia-quod-doloremque-minima-accusantium-qui', 'Ut sit veniam ut et ut distinctio delectus officia. Autem vitae et veritatis aut officia. Aut sit eveniet saepe voluptatem reiciendis deserunt.', '2025-06-28 16:14:25', '2025-06-28 16:14:25'),
('32', 'Ut ea asperiores consequatur accusamus est magnam.', '6', '3', 'a-nulla-dolore-doloremque-ad', 'Autem assumenda dolorem aspernatur et repellat placeat. Cumque mollitia enim aperiam qui reiciendis. Explicabo eos aliquid quidem occaecati dolorem.', '2025-06-28 16:14:25', '2025-06-28 16:14:25'),
('33', 'Ea a omnis illo.', '5', '2', 'minima-aut-aperiam-nostrum-velit-laboriosam', 'Quae maxime voluptates recusandae consequatur. Repellat est nam fuga ipsa modi quam incidunt. A ut non rerum reprehenderit nisi excepturi.', '2025-06-28 16:14:25', '2025-06-28 16:14:25'),
('34', 'Quis quasi numquam tempora.', '6', '3', 'harum-ipsam-id-atque-optio-delectus-a', 'Id ipsa dolores tempore aperiam omnis. Et iusto aperiam aut. Rerum doloribus qui accusantium maiores molestiae voluptate alias.', '2025-06-28 16:14:25', '2025-06-28 16:14:25'),
('35', 'Et magnam fugiat sed iure voluptatem dolorum ducimus.', '5', '2', 'minus-similique-vitae-sapiente-deserunt', 'Ducimus reiciendis deleniti saepe. Quos iste nemo repudiandae rerum. Dolorem ea omnis maxime quia animi sint. Hic nobis et exercitationem sint quo facilis.', '2025-06-28 16:14:25', '2025-06-28 16:14:25'),
('36', 'Sed veritatis dolores illo sed sit.', '5', '4', 'voluptas-nulla-eligendi-non-asperiores-ad-tempore-est', 'Qui cum aut vero animi voluptas. Consequatur est itaque architecto facilis voluptatem quod.', '2025-06-28 16:14:25', '2025-06-28 16:14:25'),
('37', 'Hic dolorem incidunt esse quibusdam.', '4', '4', 'necessitatibus-aliquam-quam-quae-ipsum-molestiae', 'Dolore quisquam delectus culpa amet deserunt esse voluptatem ratione. Quia placeat asperiores id quia. Ipsa iste ut dolor.', '2025-06-28 16:14:25', '2025-06-28 16:14:25'),
('38', 'Aut eum modi aut labore.', '5', '1', 'voluptatem-commodi-quo-possimus-dolores-ullam', 'Dolor quas consequatur omnis amet quis recusandae molestias. Nihil ut animi inventore. Quam repellat temporibus saepe repellendus voluptatum. Sit est qui est eaque.', '2025-06-28 16:14:25', '2025-06-28 16:14:25'),
('39', 'Facilis voluptatibus quisquam incidunt esse repellat voluptatibus.', '3', '1', 'esse-laborum-repellat-quidem-eligendi-et-qui-ipsam', 'Molestiae in aut minus blanditiis nihil. Dolores tempora animi ex numquam accusantium. Blanditiis minus reiciendis sunt.', '2025-06-28 16:14:25', '2025-06-28 16:14:25'),
('40', 'Rem omnis ex itaque.', '4', '1', 'quasi-ex-aperiam-ratione-non', 'Eos voluptatum aspernatur nesciunt in itaque et. Rerum voluptate ea deleniti voluptas nisi deserunt. Doloribus ut debitis dolorem in quam rem sapiente.', '2025-06-28 16:14:25', '2025-06-28 16:14:25'),
('41', 'Voluptate sed error autem et corporis rerum.', '1', '1', 'eos-nobis-quod-nulla-aliquam-commodi-consequuntur', 'Ratione esse voluptas cumque perferendis harum neque ad aut. Occaecati illum doloribus dignissimos quas placeat ea. Aut laborum deserunt enim esse voluptatem.', '2025-06-28 16:14:25', '2025-06-28 16:14:25'),
('42', 'Necessitatibus similique id autem totam neque qui.', '3', '1', 'est-iusto-est-voluptas-enim', 'Numquam et quaerat eius voluptatibus ad. Ut accusamus placeat ad laborum. Quisquam eius quis porro quam rerum et autem.', '2025-06-28 16:14:25', '2025-06-28 16:14:25'),
('43', 'Quaerat et aut nesciunt expedita.', '5', '3', 'maiores-sit-hic-ipsa-aut', 'Odio et dolorem consequatur dolor. Accusantium dolorem quo non eaque. Id voluptatem ad enim.', '2025-06-28 16:14:25', '2025-06-28 16:14:25'),
('44', 'Sunt minima et et fuga.', '3', '4', 'non-dignissimos-occaecati-dolores-quibusdam', 'Voluptates nihil ipsam quia quos delectus laudantium qui. Est architecto unde iure ipsa.', '2025-06-28 16:14:25', '2025-06-28 16:14:25'),
('45', 'Labore minima consectetur ea consectetur.', '1', '2', 'omnis-perferendis-sunt-eveniet-non', 'Repudiandae sint exercitationem sed. Sed distinctio non aspernatur. Consequatur aut commodi in sint quibusdam.', '2025-06-28 16:14:25', '2025-06-28 16:14:25'),
('46', 'Pariatur vitae sint a mollitia.', '4', '2', 'distinctio-voluptas-animi-aut-quo-nostrum-veniam', 'Reiciendis et corporis voluptatem vitae hic. Pariatur magni tempora earum. Impedit incidunt tempore veritatis molestias quas omnis. Eaque soluta enim id quas nam fugit enim.', '2025-06-28 16:14:25', '2025-06-28 16:14:25'),
('47', 'Est id soluta voluptatem temporibus alias ex.', '1', '3', 'enim-qui-cum-quasi-sit-itaque-architecto-nobis-ipsam', 'Consequatur aut esse voluptatibus fugit corrupti. Praesentium ut ab omnis id. Est veritatis quae numquam iusto quasi. Molestiae ipsam totam ea rerum quidem sit aut.', '2025-06-28 16:14:25', '2025-06-28 16:14:25'),
('48', 'Sed eum alias quaerat ut odio officia.', '4', '3', 'est-ad-sit-eaque-et-porro', 'Cupiditate at necessitatibus officia ipsam atque officia et. Voluptate repellat mollitia unde nihil nam possimus ex et. Eum commodi voluptas ab sed nam molestiae.', '2025-06-28 16:14:25', '2025-06-28 16:14:25'),
('49', 'Alias et sit labore animi.', '2', '3', 'non-quo-molestias-sint-earum-laudantium-est', 'Et nesciunt dolores aperiam officia dolor magni nemo. Nostrum ut labore voluptatibus enim omnis. At ducimus non nihil non.', '2025-06-28 16:14:25', '2025-06-28 16:14:25'),
('50', 'Accusamus in accusantium placeat fugit.', '6', '3', 'saepe-iusto-ab-sequi-hic', 'Commodi reiciendis iusto repellat distinctio sunt. Quaerat fugit ad dolor quia alias ipsum numquam. Sit numquam excepturi voluptas. Consectetur libero sint sed nulla molestias non qui.', '2025-06-28 16:14:25', '2025-06-28 16:14:25'),
('51', 'Explicabo non quia amet aperiam fuga accusamus nisi.', '4', '1', 'commodi-quidem-aliquam-aut-ut-qui-sequi', 'Cum repellat aut consequuntur quos consequatur quis rerum. At eum dicta nobis omnis inventore sapiente. Nulla autem odit ut quia aut velit provident. Iusto asperiores pariatur provident aut.', '2025-06-28 16:14:25', '2025-06-28 16:14:25'),
('52', 'Inventore nobis voluptatem animi deserunt non et cupiditate.', '5', '2', 'est-molestiae-et-accusantium-omnis-quo-illo-qui', 'Quia cumque ex et sapiente ducimus error a id. Sit ad voluptas repellat ut sint animi dicta. Voluptas consequatur deserunt voluptas aperiam.', '2025-06-28 16:14:25', '2025-06-28 16:14:25'),
('53', 'Est consectetur consequatur id ut vero blanditiis nihil accusamus.', '3', '4', 'molestiae-quidem-consequuntur-eveniet-suscipit-hic-et-voluptatem', 'Facilis est debitis illum sed ut ea accusamus fugit. Numquam esse quam beatae est quis voluptates autem reprehenderit. Voluptatem est nihil iusto ab quod.', '2025-06-28 16:14:25', '2025-06-28 16:14:25'),
('54', 'Optio voluptatum repellat nulla deleniti tenetur libero.', '3', '4', 'ipsam-voluptas-quod-natus-dolore-ullam-dolorem-iste', 'Voluptatibus odio vel dolores vero. Sapiente voluptas amet provident cum quidem. Magni magnam est sequi dolorem vel quia. Assumenda ut autem corporis consequuntur id aut.', '2025-06-28 16:14:25', '2025-06-28 16:14:25'),
('55', 'Laboriosam natus sed illo optio unde ex et sint.', '6', '1', 'et-ad-beatae-quos-iure-quod-quas', 'Aperiam ex rem sunt ullam consequatur. Non molestias id est quia. Fugiat deserunt aspernatur expedita atque doloremque cumque. Velit neque facilis dolores amet. Asperiores rerum aut saepe error.', '2025-06-28 16:14:25', '2025-06-28 16:14:25'),
('56', 'Quis quo quia cupiditate pariatur voluptate.', '5', '2', 'aut-omnis-porro-laudantium-dicta-animi-veritatis', 'Non accusantium laborum aut. Quis eaque qui similique illo eos. Nisi dolor reiciendis id et et ipsa natus amet. Necessitatibus deleniti tempora at autem natus.', '2025-06-28 16:14:25', '2025-06-28 16:14:25'),
('57', 'Et perspiciatis laboriosam et sapiente perferendis vel delectus aut.', '1', '4', 'inventore-et-omnis-et-molestias-vero', 'Occaecati pariatur maxime dolores. Id alias minus est enim. A similique dicta et nihil accusantium consequatur mollitia. Dolorem sequi voluptatem et vel et rerum.', '2025-06-28 16:14:25', '2025-06-28 16:14:25'),
('58', 'Et qui dolorem aliquid cum ipsum.', '4', '2', 'aut-necessitatibus-quia-et-ea', 'Veniam molestiae quo maiores voluptatibus quia eius numquam. Iure hic maiores vero at. Corrupti dolorem voluptatem quidem quae maxime. Dolores qui autem ipsam laboriosam sit id accusamus.', '2025-06-28 16:14:25', '2025-06-28 16:14:25'),
('59', 'Officia qui culpa animi velit ullam.', '4', '1', 'et-sed-dicta-alias-omnis', 'Perferendis est aspernatur quasi consequatur doloribus voluptatem. Aut id illum ratione consequatur et.', '2025-06-28 16:14:25', '2025-06-28 16:14:25'),
('60', 'Est dicta corporis numquam explicabo eum aperiam quis consequatur.', '1', '2', 'repudiandae-earum-distinctio-dolorem-voluptates-non-sunt', 'Enim quod ea necessitatibus accusamus illum. Officiis consequuntur quibusdam voluptatem autem fugiat ea. Voluptate aut voluptatibus inventore.', '2025-06-28 16:14:25', '2025-06-28 16:14:25'),
('61', 'Deserunt enim quae atque quibusdam voluptas.', '3', '3', 'natus-libero-consequatur-sunt-consequatur-sit', 'Ratione commodi facilis consequatur. Quis molestiae saepe omnis beatae sit et nostrum repellat. Reprehenderit fugiat unde qui. Iure et aspernatur enim.', '2025-06-28 16:14:25', '2025-06-28 16:14:25'),
('62', 'Quaerat ea nulla qui quidem et.', '4', '4', 'porro-vel-animi-et-dolor-quasi', 'Et at enim placeat. Dolores voluptatibus eum consequatur. Est sunt aut earum aperiam.', '2025-06-28 16:14:25', '2025-06-28 16:14:25'),
('63', 'Non quis aut quia molestiae dolorum eaque.', '2', '4', 'molestiae-inventore-soluta-aut-nihil-libero', 'Recusandae aut in sequi. Facere inventore aliquam et rerum et aut aut. Saepe autem possimus possimus harum voluptatem.', '2025-06-28 16:14:25', '2025-06-28 16:14:25'),
('64', 'Inventore ipsa aliquid quaerat ratione.', '6', '3', 'placeat-atque-reiciendis-nisi-numquam-sapiente-odit-velit-nihil', 'Consequatur soluta totam dolorem fuga in. Eum autem odit cum error qui quidem eius. Atque aut quas exercitationem excepturi corporis assumenda quia.', '2025-06-28 16:14:25', '2025-06-28 16:14:25'),
('65', 'Consectetur amet dolor sequi dolorem.', '3', '3', 'molestiae-incidunt-tempore-quo-tempora-natus', 'Est rerum non perferendis voluptatem cum nihil. Consequatur quos animi et eaque culpa itaque. Amet a sed laboriosam assumenda eos rerum eum consectetur. Est magni aliquid ipsum sed.', '2025-06-28 16:14:25', '2025-06-28 16:14:25'),
('66', 'Enim soluta qui cupiditate sed suscipit.', '6', '1', 'magni-tempora-adipisci-eius-ullam', 'Sed vel vel qui quisquam dicta nulla. Corporis doloribus vitae quis repellat temporibus rerum aut officia. Sint vero sit ratione non architecto inventore.', '2025-06-28 16:14:25', '2025-06-28 16:14:25'),
('67', 'Ea quae eos quo dolor dicta dolores quaerat veniam.', '2', '3', 'commodi-cupiditate-aut-aliquid-qui', 'Qui nisi qui corrupti et. Tenetur et qui doloremque deserunt adipisci. Et doloribus et hic facilis. Assumenda autem voluptatum sint qui numquam.', '2025-06-28 16:14:25', '2025-06-28 16:14:25'),
('68', 'Omnis eos magnam distinctio quisquam deleniti quia nihil aperiam.', '1', '4', 'non-autem-in-distinctio-praesentium-doloremque-itaque', 'Illo qui provident dolore enim cupiditate est. Consequatur et non officiis sit. Aut non mollitia omnis repellat assumenda architecto et doloribus. Quis necessitatibus nostrum aut.', '2025-06-28 16:14:25', '2025-06-28 16:14:25'),
('69', 'Eum quo quo qui sunt cum quia qui.', '1', '4', 'possimus-quas-sint-quo', 'Officiis veritatis velit possimus ipsum nihil est. Sint magnam numquam voluptatem ex.', '2025-06-28 16:14:25', '2025-06-28 16:14:25'),
('70', 'Nisi sed modi et sequi dicta quaerat.', '1', '4', 'debitis-libero-sint-molestiae-blanditiis-repellat', 'Laboriosam nisi iure sit autem recusandae ut. Mollitia in commodi nisi vitae. Est molestiae vitae id esse laborum recusandae. Inventore et quo minima tempora.', '2025-06-28 16:14:25', '2025-06-28 16:14:25'),
('71', 'Omnis quam porro unde vero qui consequatur.', '1', '3', 'voluptatibus-rerum-maiores-nemo-cupiditate-maiores', 'Fugiat animi nemo commodi delectus eos. Qui eos labore a quia nobis perspiciatis. Atque architecto voluptatem et laborum totam deleniti est libero. Est ea et sed ut placeat odit.', '2025-06-28 16:14:25', '2025-06-28 16:14:25'),
('72', 'Dolores sed alias sequi cumque.', '5', '3', 'ut-natus-nam-sed-sit-assumenda-aut-eum', 'Qui nam placeat consequatur cupiditate. Illo velit quis et quibusdam sint in. Est enim accusamus rerum aut aut cum delectus voluptatem.', '2025-06-28 16:14:25', '2025-06-28 16:14:25'),
('73', 'Cumque molestiae optio aut hic ab accusantium.', '6', '3', 'minus-nobis-voluptatum-vel-et-explicabo-enim', 'Iste odio commodi quia voluptatem. Id et cum aut.', '2025-06-28 16:14:25', '2025-06-28 16:14:25'),
('74', 'Dolorem vel vero ut sunt nisi facilis consequatur.', '1', '3', 'alias-veniam-vel-iste-esse-vitae-assumenda-at', 'Impedit dicta impedit non voluptas. Ducimus aut eum cupiditate ex aut nostrum. Sed architecto ea et et totam cum. Odio fugit quod porro natus soluta molestiae ut.', '2025-06-28 16:14:25', '2025-06-28 16:14:25'),
('75', 'Sint omnis facere esse quo tempore id dolorum.', '3', '1', 'ipsa-id-quibusdam-odio-doloribus-ullam', 'Nulla asperiores accusamus ipsam eius molestias. Doloremque blanditiis aperiam dolores rerum ab.', '2025-06-28 16:14:25', '2025-06-28 16:14:25'),
('76', 'Dolorum dignissimos sint vitae quo laborum.', '1', '3', 'nihil-sed-consequatur-id-ut-aliquid', 'Quos reiciendis voluptatem in ex quod pariatur porro voluptatem. Id ullam adipisci cupiditate nesciunt. Ipsa unde veritatis culpa ut ipsum qui reiciendis consequuntur.', '2025-06-28 16:14:25', '2025-06-28 16:14:25'),
('77', 'Harum distinctio ducimus aut dignissimos voluptas quam eaque.', '5', '4', 'voluptas-autem-odio-porro-facilis', 'Eum dicta natus perferendis non est. Voluptates cum pariatur quis maxime.', '2025-06-28 16:14:25', '2025-06-28 16:14:25'),
('78', 'Sed quia voluptates voluptatem unde et qui et repellat.', '2', '4', 'qui-explicabo-nemo-cupiditate-aut-commodi', 'Est consequatur et voluptas. Repudiandae aspernatur perferendis aut qui commodi. Ipsum sint consectetur soluta tenetur soluta. Dolorum quos aut et.', '2025-06-28 16:14:25', '2025-06-28 16:14:25'),
('79', 'Repellendus saepe eos harum repellendus minus.', '5', '1', 'consequatur-minima-odio-est-ullam-itaque-id-modi', 'Ut autem provident qui vero et ex. Consectetur voluptates aspernatur qui blanditiis in corrupti. Omnis et temporibus sunt.', '2025-06-28 16:14:25', '2025-06-28 16:14:25'),
('80', 'Hic sint ea in non maiores.', '3', '1', 'et-cumque-eum-minus-dignissimos-occaecati', 'Ratione ad fugiat quia eligendi voluptatem deserunt sequi et. Mollitia itaque reprehenderit quibusdam cum nisi. Eveniet eum qui incidunt dolores fuga necessitatibus. Rem cum ut qui quo ullam.', '2025-06-28 16:14:25', '2025-06-28 16:14:25'),
('81', 'Molestias cum consequatur dolor minima voluptate voluptas.', '4', '2', 'qui-numquam-quis-soluta-aut', 'A vel id dolor. Commodi et molestias consequatur tempora delectus. Alias provident ducimus omnis velit officiis. Odio exercitationem laborum soluta non. Consequuntur est et at excepturi cumque.', '2025-06-28 16:14:25', '2025-06-28 16:14:25'),
('82', 'Et iste laudantium cupiditate ducimus impedit facilis deleniti.', '3', '1', 'veritatis-et-mollitia-nostrum-doloribus-qui-harum', 'Ut harum voluptatem dignissimos dolorum. Repudiandae fugit corrupti sapiente amet. Aut eaque vitae a ipsum.', '2025-06-28 16:14:25', '2025-06-28 16:14:25'),
('83', 'Sequi nam maxime rerum nihil debitis rem.', '3', '3', 'sequi-ipsa-eligendi-accusamus-eum-distinctio-facilis-modi', 'Totam est quae aut eius ratione. Est id ut at magnam. Assumenda velit consectetur nihil sed id doloribus ipsam.', '2025-06-28 16:14:25', '2025-06-28 16:14:25'),
('84', 'Id ut ut suscipit cupiditate molestias consequatur officiis ut.', '6', '4', 'sit-iusto-rerum-dolores-pariatur-omnis-temporibus-est', 'Et deleniti qui blanditiis omnis eum itaque unde soluta. Vel culpa consequatur ipsam quidem. Minus et quisquam reiciendis est neque alias. Ut rem delectus non magnam sapiente magni veritatis.', '2025-06-28 16:14:25', '2025-06-28 16:14:25'),
('85', 'Vitae officia magnam qui eaque debitis in et.', '4', '3', 'qui-dolores-porro-unde-ut-quia-dolore-a', 'Ut mollitia similique deleniti ut. Odio tempore qui sed dignissimos. Et dicta quia consequuntur et quos. Quia eligendi architecto eaque hic et.', '2025-06-28 16:14:25', '2025-06-28 16:14:25'),
('86', 'Fuga et fugit consequatur est beatae non.', '3', '2', 'doloribus-labore-praesentium-quae-laborum-animi-optio', 'Est nam molestiae quo tempore. Et est veritatis delectus voluptatem. Quod amet aspernatur iusto voluptates quia porro.', '2025-06-28 16:14:25', '2025-06-28 16:14:25'),
('87', 'Praesentium quia omnis autem repellendus aspernatur autem.', '3', '1', 'earum-fugit-molestiae-dolor', 'Dolor error dolorem dolores adipisci maxime velit nobis voluptatibus. Dolor aliquam et nostrum voluptas praesentium eius. Eveniet ratione fugiat doloribus corrupti odit consectetur vitae laboriosam.', '2025-06-28 16:14:25', '2025-06-28 16:14:25'),
('88', 'Laboriosam odit distinctio et asperiores.', '5', '1', 'sint-occaecati-voluptatibus-voluptatum-nesciunt-ut-autem-eum', 'Unde voluptas dolore labore consequuntur. Enim et dolor aspernatur similique beatae nihil.', '2025-06-28 16:14:25', '2025-06-28 16:14:25'),
('89', 'Aspernatur et ex doloremque facere.', '5', '3', 'similique-in-iure-minus-rerum-at', 'Dolorem voluptas quidem rerum ratione amet rerum et. Dolores ut magni nihil ut voluptatum. Doloremque quaerat repellendus exercitationem deleniti eveniet unde molestiae.', '2025-06-28 16:14:25', '2025-06-28 16:14:25'),
('90', 'Aut commodi dolores sunt explicabo.', '3', '4', 'quidem-delectus-illo-a-ex', 'Dicta corrupti et nesciunt delectus eveniet ullam. Laudantium ut voluptatem in odit velit. Ratione possimus accusantium et maxime.', '2025-06-28 16:14:25', '2025-06-28 16:14:25'),
('91', 'Occaecati doloribus sunt eum harum aut.', '2', '1', 'et-blanditiis-similique-dicta-nihil-voluptatibus-ut', 'Et repudiandae est doloribus iusto. Quaerat impedit facilis perspiciatis voluptatibus.', '2025-06-28 16:14:25', '2025-06-28 16:14:25'),
('92', 'Qui aliquid ducimus quia porro voluptas.', '4', '2', 'et-officiis-reprehenderit-quis-aut-necessitatibus-corrupti', 'Aut quis maiores sed vero sit. Quos aliquid similique vitae ea aut laboriosam reiciendis quia. Officiis blanditiis ad impedit. Saepe possimus non et aliquid est.', '2025-06-28 16:14:25', '2025-06-28 16:14:25'),
('93', 'Aut omnis enim repellat repellendus facilis.', '4', '3', 'et-consequuntur-sequi-aspernatur-reiciendis-ut', 'Est culpa dolorum quas dolorem accusantium architecto. Itaque quo error architecto sequi consectetur et est.', '2025-06-28 16:14:25', '2025-06-28 16:14:25'),
('94', 'Eligendi repellat omnis quis omnis.', '1', '1', 'suscipit-adipisci-deserunt-quaerat-iusto', 'Ea sit ut eligendi occaecati ipsa. Sapiente suscipit debitis est omnis et dolor.', '2025-06-28 16:14:25', '2025-06-28 16:14:25'),
('95', 'Vitae ipsum sint quos pariatur maiores.', '6', '4', 'aut-quam-quia-voluptate-eum-iste', 'Tenetur et unde quas nihil consequuntur doloremque. Veniam exercitationem distinctio vitae dolor itaque voluptatum. Qui et fuga autem odit error quasi minima.', '2025-06-28 16:14:25', '2025-06-28 16:14:25'),
('96', 'Delectus sed alias et eos amet vel.', '1', '4', 'aperiam-omnis-dolor-magnam-voluptas-veritatis', 'Dicta non nulla velit inventore voluptas et perspiciatis. Ex ad voluptates amet. Repudiandae maiores eveniet tenetur labore soluta ex.', '2025-06-28 16:14:25', '2025-06-28 16:14:25'),
('97', 'Ex qui et earum accusamus possimus.', '2', '3', 'quam-minima-non-animi-totam-alias-suscipit-repudiandae', 'Quod voluptatem laborum ea deserunt et aut. Magni et porro explicabo. Dolor enim ullam id ullam. Dolor assumenda illo et.', '2025-06-28 16:14:25', '2025-06-28 16:14:25'),
('98', 'Quos aut natus eum alias beatae.', '5', '2', 'aut-voluptatum-architecto-facere-recusandae-excepturi-voluptatem-similique', 'Optio qui voluptatem nobis voluptates quia. Nihil omnis quaerat velit.', '2025-06-28 16:14:25', '2025-06-28 16:14:25'),
('99', 'Ut tempore voluptatem dolorem ducimus aliquam minima consequuntur.', '5', '2', 'neque-eligendi-aliquid-numquam-iusto', 'Qui mollitia consequuntur numquam excepturi. Et quia eaque ut recusandae omnis. Voluptates quia placeat dolorum. Eius qui ut eum maxime quia aut.', '2025-06-28 16:14:25', '2025-06-28 16:14:25'),
('100', 'Earum quibusdam ex enim quam aliquam vero fugit.', '3', '3', 'laboriosam-quae-ut-sunt', 'Lorem ipsum dolor sit amet, consectetur adipiscing elit. Vestibulum efficitur nunc turpis, ut tempus leo ultrices id. Donec bibendum ultrices ex eu finibus. Integer malesuada massa eu metus iaculis dignissim. Suspendisse ultricies eros sit amet sapien blandit, et sagittis justo mollis. Donec scelerisque pharetra bibendum. Duis lacus ipsum, molestie vitae magna eget, facilisis viverra metus. Aenean eget vulputate mi. Maecenas et sollicitudin eros. Nullam scelerisque nulla eget tincidunt vestibulum. Aenean rhoncus lacinia consequat. Interdum et malesuada fames ac ante ipsum primis in faucibus. Vivamus aliquam consectetur nulla vitae maximus.

Donec eget leo ut metus vulputate molestie sit amet at velit. Integer sed leo tellus. Aenean quis accumsan urna. Proin venenatis tellus sed ornare convallis. Donec vulputate augue rutrum purus pellentesque elementum. Phasellus sit amet orci et enim eleifend convallis. Quisque tempor sapien mi, a fringilla leo lacinia nec. Nam pulvinar sagittis ante, ac laoreet sem egestas ut. Vestibulum feugiat felis sit amet ante fringilla iaculis.

Proin quis leo lacus. Proin semper cursus urna, vel bibendum ex tempor sit amet. Fusce tincidunt magna ac odio ullamcorper, sit amet facilisis tortor ultricies. Cras porta dapibus venenatis. Orci varius natoque penatibus et magnis dis parturient montes, nascetur ridiculus mus. Sed interdum purus mi, sit amet facilisis mi consequat in. Ut consequat in lorem sit amet maximus. Vestibulum in tortor nisl. Morbi tincidunt venenatis eros in ultrices. Cras sodales metus leo, ultrices egestas felis consequat nec. Curabitur mollis mollis arcu ut pretium. Praesent at molestie ligula. Aliquam erat volutpat. Ut elementum non ipsum tempus consectetur. Sed molestie tellus nulla, a ullamcorper velit lacinia vitae. Nunc ultrices risus vel nibh cursus, vel iaculis quam fermentum.

Proin nulla augue, rutrum in porttitor ac, lobortis sit amet urna. Integer nec placerat felis. Ut ac condimentum odio, sed laoreet nibh. Maecenas mattis metus et ex mollis auctor. Suspendisse sit amet metus imperdiet elit varius convallis a quis nunc. Integer at eros ac orci maximus venenatis. Nam viverra velit vel ultrices faucibus. Morbi eleifend neque lacus, eget pellentesque lectus euismod vitae. Mauris volutpat ligula augue, nec tincidunt nulla condimentum at. Nam viverra laoreet est, eget scelerisque lacus lacinia nec. Integer dapibus eget orci et placerat. Aenean non suscipit arcu. Nunc viverra lacus a luctus accumsan.

Etiam imperdiet non neque ac tincidunt. Nulla malesuada mattis magna vitae blandit. Duis tincidunt mollis ipsum, ac lacinia quam feugiat sed. Sed porttitor molestie nunc, in consequat leo. Nam in dictum mauris, ultricies fringilla ipsum. Vivamus sed diam dui. Pellentesque habitant morbi tristique senectus et netus et malesuada fames ac turpis egestas. Fusce venenatis nec ipsum a pellentesque. Mauris magna libero, fermentum sit amet elit dignissim, posuere egestas lorem. Morbi ac urna mi. Aenean vel odio sollicitudin, sodales lectus vitae, semper tellus.

Integer enim velit, aliquet sit amet turpis ac, dictum sagittis sem. Nullam nibh felis, varius vitae dui nec, auctor maximus nibh. Duis laoreet vel tellus eget commodo. Donec vel aliquam purus. Fusce vel dui non est facilisis vestibulum. Quisque placerat et mi a finibus. Nam ornare velit feugiat justo molestie hendrerit. Donec rutrum elementum efficitur. Vestibulum molestie neque a dapibus malesuada. Mauris ornare sapien orci, at porta diam finibus nec. Nullam ut bibendum justo.

Duis nec consequat urna. Curabitur ligula elit, lacinia sit amet molestie id, laoreet vel dui. Ut vulputate viverra mauris, ac ornare augue aliquam id. Nunc dapibus erat et sapien faucibus dignissim. Aliquam consectetur, nibh vitae ullamcorper vehicula, elit justo volutpat mi, vel convallis magna dui pulvinar lacus. Proin tempus felis enim, a ultrices urna tincidunt imperdiet. Curabitur molestie ante eros, a tristique libero porttitor ac. Fusce hendrerit urna eu ex aliquam fringilla. In vel pulvinar nisi. Vestibulum vel hendrerit tellus, ac dictum nulla. Phasellus erat lorem, porta et libero ac, sagittis efficitur tortor. Praesent scelerisque velit et enim convallis efficitur.

Fusce accumsan dui nisl. Aenean pretium pellentesque sem et porttitor. Praesent id enim erat. Praesent sem metus, auctor nec orci et, feugiat egestas augue. Pellentesque scelerisque enim augue, et lobortis eros accumsan rhoncus. Donec sagittis arcu laoreet eleifend congue. Donec sagittis ante id eleifend auctor. In eget luctus tortor. Mauris non volutpat risus. Quisque et nibh sed sem congue rhoncus. Cras non pharetra ante, a cursus lorem.

Sed ut porttitor lectus. Morbi sodales non diam non placerat. Fusce enim nulla, dictum at elit eu, consectetur porttitor ipsum. Nam vitae felis tincidunt, faucibus nisl non, gravida lectus. Donec rhoncus arcu massa, et scelerisque diam egestas ut. Cras auctor non justo ac consectetur. Mauris suscipit nisl at elit interdum, eu ultrices sapien porta. Maecenas aliquam id neque non imperdiet. Nullam dignissim consequat sapien, a ultricies leo lacinia ut. Vivamus posuere tortor risus, a tristique lacus vestibulum vitae. Integer placerat risus a dui efficitur, vel lacinia sem tincidunt. Praesent nec lorem quis nibh ullamcorper interdum non ut felis. Ut interdum tortor sit amet dui tempor blandit. Suspendisse lacinia turpis scelerisque massa venenatis, et pretium sapien hendrerit. Sed mattis auctor nibh, in lacinia turpis sodales scelerisque. Maecenas commodo, nunc non rutrum maximus, metus urna tempus risus, at ultricies sem enim ut massa.

Cras pharetra justo nunc, at dictum lectus finibus id. Nulla egestas magna sit amet posuere finibus. Curabitur scelerisque, est ut consectetur pulvinar, libero magna posuere tellus, eu mattis neque dui sed elit. Curabitur pharetra ipsum ut sem iaculis blandit. Aliquam non mi pellentesque, luctus nulla quis, condimentum augue. Donec sit amet turpis neque. Etiam massa ex, aliquam ac tincidunt eget, interdum vulputate sapien. Integer dapibus porttitor purus eu ultrices. Donec vestibulum congue odio. Donec vel massa et lectus facilisis maximus sed rhoncus est. Vivamus tincidunt sit amet metus a laoreet. In quis ante in odio convallis eleifend ut at odio. Donec in enim blandit, fermentum nulla a, maximus felis. Praesent aliquet nec tellus ac consequat. Integer fringilla tellus ut mi feugiat, ac cursus turpis viverra.

Aliquam gravida auctor mi id placerat. In hac habitasse platea dictumst. Proin commodo luctus neque et blandit. Phasellus lorem turpis, finibus bibendum purus ac, sollicitudin consequat libero. Donec sit amet ipsum sodales, lacinia dolor non, sodales risus. Ut dapibus consequat ultricies. Donec pharetra tristique sapien mollis suscipit. Vestibulum vitae imperdiet nisl. Pellentesque gravida eget quam ut rhoncus. Mauris eros metus, egestas nec bibendum semper, scelerisque quis metus.

Quisque lobortis eu ipsum non mattis. Donec feugiat orci dignissim diam rutrum, eu scelerisque odio pharetra. Donec fringilla pharetra ligula et finibus. Suspendisse laoreet purus arcu, eget aliquet leo tempus id. Mauris ut tincidunt felis, non interdum mi. Nunc tempus tortor eu varius laoreet. Suspendisse porta justo eu nibh fermentum, eu tristique tellus sagittis. Suspendisse ac fringilla ligula, quis interdum elit. Interdum et malesuada fames ac ante ipsum primis in faucibus. Donec ut maximus risus. Nam mauris turpis, cursus vel feugiat a, pellentesque vitae nibh. Etiam eget arcu vel orci dapibus posuere. Quisque congue ut lorem sed dictum. Suspendisse placerat neque sit amet pretium congue. Nam facilisis ex ut eleifend vestibulum. Mauris convallis tortor eget condimentum eleifend.

Praesent egestas ac nulla eget porttitor. Vestibulum non pellentesque lacus, eget vestibulum magna. Fusce dapibus vestibulum vestibulum. Phasellus at dolor et orci sodales congue. Donec eleifend at sem ut ultrices. Nulla finibus dui vitae nibh dapibus, et fringilla justo posuere. Integer interdum mattis hendrerit.

Quisque libero magna, tempus a turpis id, egestas volutpat magna. Nulla eget orci nec leo varius porttitor. Mauris ornare consectetur pellentesque. Suspendisse eget fringilla diam, ac viverra mi. Sed faucibus mi enim, id pulvinar nunc faucibus sed. Integer et tincidunt velit. Nullam porta interdum hendrerit. Proin id magna sed augue congue sollicitudin nec sit amet orci. Donec sed risus commodo, condimentum lectus pulvinar, tempus nisl. Quisque congue nibh risus, id mattis risus scelerisque quis. Donec laoreet tincidunt mi quis aliquam. Duis efficitur ante at quam commodo, eget luctus nulla malesuada. Suspendisse turpis justo, condimentum sit amet velit et, commodo molestie mauris.

Sed ut urna sed urna lacinia elementum. Donec cursus ante tellus, congue feugiat ante pharetra ac. Aliquam eget iaculis dolor. Pellentesque a enim vitae ex maximus aliquam. Nullam egestas rutrum urna, ut venenatis dui ultrices at. Aenean metus erat, vestibulum vel facilisis a, congue ac metus. Duis convallis nec erat quis tincidunt. Morbi vitae ipsum vitae lorem euismod viverra ut vitae ipsum. Mauris ullamcorper bibendum libero id porta. Suspendisse potenti. In tempus dui ut viverra scelerisque. Fusce auctor ullamcorper ligula sed imperdiet. Sed in nibh risus. Interdum et malesuada fames ac ante ipsum primis in faucibus.

Praesent malesuada elit sed risus bibendum, vel mollis magna porttitor. Cras dapibus arcu ex, quis cursus purus maximus non. Donec ut molestie nunc, sit amet efficitur eros. Vivamus sit amet eros eget arcu molestie iaculis. Phasellus mollis diam risus, sed consectetur mi scelerisque ac. Maecenas eget metus quis ipsum semper auctor. Curabitur volutpat eget urna sed cursus. Vivamus leo enim, dictum vitae venenatis ut, interdum cursus nibh. Cras eleifend enim eget justo semper lobortis. Interdum et malesuada fames ac ante ipsum primis in faucibus. In quis neque nunc. Suspendisse erat nibh, vehicula vitae lectus sed, feugiat mattis purus. Fusce imperdiet nisi ac aliquet pharetra.

Praesent tempus posuere massa. Aliquam interdum id ligula non efficitur. Nullam egestas urna at erat auctor cursus. In faucibus eros et ligula venenatis pharetra. Duis bibendum felis turpis, quis hendrerit sem consectetur nec. Integer pellentesque, dolor vitae dignissim tempor, risus massa dignissim ligula, sit amet mollis arcu odio a dolor. Aliquam non risus vitae nisi bibendum facilisis eu ac nulla. Cras ut dictum elit, non consectetur metus. Curabitur fermentum ligula non arcu luctus dapibus. Proin posuere elit nec orci faucibus scelerisque. Donec orci purus, ultrices a bibendum quis, egestas at lectus. Fusce viverra dui ac turpis tristique vestibulum nec sit amet nulla. Vestibulum leo arcu, condimentum ut tincidunt vitae, aliquam vitae lacus.

Nam sed dui in neque cursus ullamcorper a non eros. Fusce orci magna, ultricies eget dui vel, pulvinar cursus odio. Duis vel metus mattis, euismod orci semper, lobortis ante. Vivamus venenatis felis enim, sit amet suscipit dui finibus vel. Suspendisse nisi ipsum, mattis at condimentum pharetra, dictum nec libero. Curabitur gravida mattis nunc, a luctus odio bibendum sit amet. Vivamus ac hendrerit neque. Class aptent taciti sociosqu ad litora torquent per conubia nostra, per inceptos himenaeos. Curabitur vitae malesuada orci. Proin a ipsum urna.

Vivamus placerat elit sed massa gravida ultricies. Proin aliquet sapien eget urna rhoncus, vitae tincidunt odio fringilla. Nunc eget risus ac ante ullamcorper facilisis sed sit amet mauris. Curabitur eu ante turpis. Aenean sed urna a lacus rutrum maximus. Praesent a orci quis ante consectetur ullamcorper eget a sapien. Sed tempus congue nisl. Curabitur placerat, diam ac consequat luctus, ante lorem condimentum elit, luctus suscipit risus sapien ac dui. Duis mattis consequat justo euismod sagittis. Curabitur nec mi commodo, auctor neque nec, vulputate neque. Maecenas a eros feugiat, tempor enim ac, finibus mauris. Praesent neque orci, vulputate non dictum ut, luctus ac magna. Ut suscipit felis id odio aliquet, quis consequat urna semper. Sed sagittis feugiat mollis. Integer a est blandit, tincidunt leo eget, posuere eros.

Morbi laoreet tristique consequat. Nunc posuere iaculis ipsum at mattis. Vestibulum blandit vitae urna nec ullamcorper. Nullam lacinia ex at diam maximus facilisis. Sed tempor nulla neque, tempor aliquet purus hendrerit porta. Donec sollicitudin vehicula turpis. Nunc in faucibus lorem. Aliquam erat volutpat. Nullam lectus odio, interdum rutrum nibh quis, venenatis faucibus dolor. Quisque blandit non enim ut aliquam. Cras tincidunt malesuada massa at lobortis. Proin dapibus porttitor leo vitae aliquam. Fusce velit orci, ultrices et ultrices et, rutrum in quam. Vivamus luctus odio et lorem commodo, nec lobortis sapien gravida.

Donec ipsum sem, mollis eget ultrices ac, sodales quis nibh. Integer ullamcorper massa ut nisi cursus porttitor. Nunc laoreet tempus sapien, eget euismod neque egestas id. Interdum et malesuada fames ac ante ipsum primis in faucibus. Vestibulum ante ipsum primis in faucibus orci luctus et ultrices posuere cubilia curae; Praesent efficitur augue felis, id efficitur justo pharetra quis. Integer fermentum, ex ac pretium maximus, velit tortor maximus nunc, eget efficitur neque eros at dolor. In nec sapien eget leo molestie maximus non non libero. Curabitur blandit ac turpis at facilisis. Class aptent taciti sociosqu ad litora torquent per conubia nostra, per inceptos himenaeos.

Maecenas ornare vitae elit vitae placerat. Cras vitae enim viverra, volutpat mi non, rutrum metus. Donec eu quam sit amet diam mattis maximus. Nam sodales tellus a elit eleifend, a imperdiet nunc fermentum. Quisque dictum libero vitae ante ultricies, eu mattis eros finibus. Donec posuere ac purus et semper. Suspendisse elementum congue imperdiet. Duis quis nulla id ex aliquam venenatis nec vitae tortor.

Sed at faucibus augue. Donec consequat leo eget dolor commodo pellentesque. Vestibulum aliquam leo sed lectus placerat fermentum. Donec laoreet tortor quis est aliquet, consectetur molestie massa tristique. Quisque tincidunt ultrices accumsan. Duis suscipit risus mi, vel mollis metus lobortis sit amet. Maecenas eu arcu tincidunt, aliquam ipsum eget, molestie mi. In egestas risus vel semper malesuada. Duis dui velit, varius vitae mauris at, pulvinar finibus enim. Quisque feugiat aliquet tincidunt. Nam tortor nisi, finibus vitae suscipit et, pretium id turpis. Vivamus lacus orci, facilisis in ligula et, commodo bibendum ex. Curabitur sit amet urna ex. Sed rutrum eleifend sapien sit amet tincidunt. Vivamus faucibus magna at libero pretium, ut sollicitudin nulla sodales.

Nullam ornare, mauris in iaculis vestibulum, velit augue consectetur nunc, at maximus diam dui in lacus. Quisque aliquet massa nulla, non vestibulum elit semper vel. Mauris eu nisl tincidunt libero faucibus sagittis. Donec blandit ante quis tortor convallis maximus. Quisque nec semper arcu. Donec sagittis ultricies leo nec tempor. Quisque dapibus fringilla ante. Aliquam sodales lorem at eros pellentesque pellentesque. Maecenas placerat dignissim est, sit amet efficitur mi porttitor sit amet. Praesent luctus ut sapien sed varius. In gravida consequat neque rutrum suscipit. Nam at mi vestibulum, tincidunt erat vel, mollis enim. Proin at nulla blandit nisi eleifend scelerisque.

Nullam ornare ligula at hendrerit efficitur. Donec bibendum auctor lorem, ac vulputate est euismod sit amet. Pellentesque vitae lorem non justo egestas hendrerit. Pellentesque augue purus, dictum et hendrerit sed, imperdiet vitae ante. Nulla in nulla quis eros sollicitudin iaculis bibendum eu turpis. Donec vel leo venenatis, vehicula nisi a, rutrum sem. Donec vitae arcu vel sem sodales condimentum id sit amet dolor. Lorem ipsum dolor sit amet, consectetur adipiscing elit. Morbi sed pretium ex, et dapibus odio. Praesent eget iaculis nisi. In pellentesque diam diam, eu porta ligula dictum quis. Lorem ipsum dolor sit amet, consectetur adipiscing elit. Nullam efficitur mi vitae massa cursus, eget euismod dui iaculis.

Nullam cursus magna vestibulum, sodales ex at, pulvinar orci. Nam efficitur mauris et ex hendrerit posuere. Nam malesuada velit ac erat fermentum, id fringilla eros venenatis. Quisque et nunc dictum, egestas neque id, mattis elit. Maecenas vel justo tristique, sollicitudin justo ac, molestie quam. Phasellus vestibulum maximus faucibus. Quisque ultrices sagittis tellus at sagittis. Proin eu purus eu nunc commodo bibendum dignissim a sapien. Fusce elementum, erat nec pretium hendrerit, orci odio scelerisque odio, eu viverra nunc libero ut mi. Orci varius natoque penatibus et magnis dis parturient montes, nascetur ridiculus mus. Proin aliquet, enim id venenatis dictum, risus nulla scelerisque turpis, ut hendrerit purus urna quis massa. Aenean elementum, metus commodo hendrerit tempor, ligula nulla placerat tortor, luctus ultricies nunc arcu at velit. Nam eu diam cursus, egestas purus a, auctor enim. Mauris magna felis, facilisis sed dolor id, consectetur volutpat odio. Cras non sodales urna, ut tincidunt urna.

Nullam vitae rhoncus orci. Donec quis consequat elit. Integer gravida elit in enim scelerisque imperdiet. Praesent in sapien dui. Duis ultrices urna in urna maximus molestie. Praesent vel facilisis tellus. Donec orci orci, consectetur eget posuere ac, imperdiet ut dolor. Proin dictum dui sit amet erat tristique, eget faucibus odio semper. Suspendisse orci arcu, consequat at congue nec, ornare ut urna. Pellentesque ac velit ut nulla rhoncus lacinia quis convallis ex.

Nam et ipsum sed ante ornare porttitor nec non risus. Praesent auctor purus eget neque consequat ultricies. Phasellus efficitur condimentum sapien ut hendrerit. Aliquam eu lacus sem. Suspendisse bibendum enim at mauris molestie interdum. In mollis elementum urna, ut convallis felis euismod non. Praesent volutpat consequat metus nec mattis. Sed lacinia accumsan mi cursus accumsan. Mauris iaculis orci et nisl cursus porta. Maecenas sed tortor tempus, aliquam felis et, aliquet diam. Praesent non consectetur magna. Curabitur non consequat tortor, eu consectetur nisl. Ut commodo consequat dui, eget lacinia augue. Vestibulum ante ipsum primis in faucibus orci luctus et ultrices posuere cubilia curae; Donec faucibus dapibus elit, eu euismod urna dapibus et.

Nullam gravida diam egestas, dapibus ipsum ut, sagittis nisi. Ut ullamcorper lobortis justo, sit amet congue enim posuere eget. Praesent rutrum felis a tincidunt condimentum. Vestibulum ex diam, fringilla sit amet nisi vulputate, eleifend sollicitudin ligula. Aliquam et molestie sem. Sed id vehicula sem. Donec tempus gravida mauris, id sagittis nulla scelerisque et. Duis non nisi sodales neque vehicula molestie. Pellentesque accumsan sem turpis, sit amet imperdiet risus ullamcorper ac. Sed enim lorem, sollicitudin in lobortis in, placerat ut eros. Proin commodo neque volutpat eleifend iaculis.

Cras ante velit, imperdiet eget vulputate non, fermentum vitae ligula. Proin consectetur efficitur tempus. Ut non purus sit amet tortor laoreet gravida. Vivamus eros est, egestas ut metus at, sagittis egestas ipsum. In in enim cursus leo condimentum feugiat. In ac lectus at magna semper finibus. Nam lobortis sollicitudin augue, ultrices mollis mi rhoncus sit amet.

Mauris accumsan, arcu sit amet efficitur sodales, enim ante eleifend velit, id pellentesque ligula dui ac metus. Mauris sed condimentum libero. Phasellus congue, nulla vulputate auctor sagittis, quam odio varius tellus, id aliquet ante nunc ut elit. Sed vitae felis metus. Curabitur mattis erat libero, id cursus elit lobortis sed. Sed eget nisl enim. Integer id orci odio. Phasellus sed erat vitae augue placerat vehicula sit amet et urna.', '2025-06-28 16:14:25', '2025-06-28 16:14:25'),
('101', 'anjay kece', '1', '3', 'anjay-kece', 'Lorem ipsum dolor sit amet, consectetur adipiscing elit. Vestibulum efficitur nunc turpis, ut tempus leo ultrices id. Donec bibendum ultrices ex eu finibus. Integer malesuada massa eu metus iaculis dignissim. Suspendisse ultricies eros sit amet sapien blandit, et sagittis justo mollis. Donec scelerisque pharetra bibendum. Duis lacus ipsum, molestie vitae magna eget, facilisis viverra metus. Aenean eget vulputate mi. Maecenas et sollicitudin eros. Nullam scelerisque nulla eget tincidunt vestibulum. Aenean rhoncus lacinia consequat. Interdum et malesuada fames ac ante ipsum primis in faucibus. Vivamus aliquam consectetur nulla vitae maximus.

Donec eget leo ut metus vulputate molestie sit amet at velit. Integer sed leo tellus. Aenean quis accumsan urna. Proin venenatis tellus sed ornare convallis. Donec vulputate augue rutrum purus pellentesque elementum. Phasellus sit amet orci et enim eleifend convallis. Quisque tempor sapien mi, a fringilla leo lacinia nec. Nam pulvinar sagittis ante, ac laoreet sem egestas ut. Vestibulum feugiat felis sit amet ante fringilla iaculis.

Proin quis leo lacus. Proin semper cursus urna, vel bibendum ex tempor sit amet. Fusce tincidunt magna ac odio ullamcorper, sit amet facilisis tortor ultricies. Cras porta dapibus venenatis. Orci varius natoque penatibus et magnis dis parturient montes, nascetur ridiculus mus. Sed interdum purus mi, sit amet facilisis mi consequat in. Ut consequat in lorem sit amet maximus. Vestibulum in tortor nisl. Morbi tincidunt venenatis eros in ultrices. Cras sodales metus leo, ultrices egestas felis consequat nec. Curabitur mollis mollis arcu ut pretium. Praesent at molestie ligula. Aliquam erat volutpat. Ut elementum non ipsum tempus consectetur. Sed molestie tellus nulla, a ullamcorper velit lacinia vitae. Nunc ultrices risus vel nibh cursus, vel iaculis quam fermentum.

Proin nulla augue, rutrum in porttitor ac, lobortis sit amet urna. Integer nec placerat felis. Ut ac condimentum odio, sed laoreet nibh. Maecenas mattis metus et ex mollis auctor. Suspendisse sit amet metus imperdiet elit varius convallis a quis nunc. Integer at eros ac orci maximus venenatis. Nam viverra velit vel ultrices faucibus. Morbi eleifend neque lacus, eget pellentesque lectus euismod vitae. Mauris volutpat ligula augue, nec tincidunt nulla condimentum at. Nam viverra laoreet est, eget scelerisque lacus lacinia nec. Integer dapibus eget orci et placerat. Aenean non suscipit arcu. Nunc viverra lacus a luctus accumsan.

Etiam imperdiet non neque ac tincidunt. Nulla malesuada mattis magna vitae blandit. Duis tincidunt mollis ipsum, ac lacinia quam feugiat sed. Sed porttitor molestie nunc, in consequat leo. Nam in dictum mauris, ultricies fringilla ipsum. Vivamus sed diam dui. Pellentesque habitant morbi tristique senectus et netus et malesuada fames ac turpis egestas. Fusce venenatis nec ipsum a pellentesque. Mauris magna libero, fermentum sit amet elit dignissim, posuere egestas lorem. Morbi ac urna mi. Aenean vel odio sollicitudin, sodales lectus vitae, semper tellus.

Integer enim velit, aliquet sit amet turpis ac, dictum sagittis sem. Nullam nibh felis, varius vitae dui nec, auctor maximus nibh. Duis laoreet vel tellus eget commodo. Donec vel aliquam purus. Fusce vel dui non est facilisis vestibulum. Quisque placerat et mi a finibus. Nam ornare velit feugiat justo molestie hendrerit. Donec rutrum elementum efficitur. Vestibulum molestie neque a dapibus malesuada. Mauris ornare sapien orci, at porta diam finibus nec. Nullam ut bibendum justo.

Duis nec consequat urna. Curabitur ligula elit, lacinia sit amet molestie id, laoreet vel dui. Ut vulputate viverra mauris, ac ornare augue aliquam id. Nunc dapibus erat et sapien faucibus dignissim. Aliquam consectetur, nibh vitae ullamcorper vehicula, elit justo volutpat mi, vel convallis magna dui pulvinar lacus. Proin tempus felis enim, a ultrices urna tincidunt imperdiet. Curabitur molestie ante eros, a tristique libero porttitor ac. Fusce hendrerit urna eu ex aliquam fringilla. In vel pulvinar nisi. Vestibulum vel hendrerit tellus, ac dictum nulla. Phasellus erat lorem, porta et libero ac, sagittis efficitur tortor. Praesent scelerisque velit et enim convallis efficitur.

Fusce accumsan dui nisl. Aenean pretium pellentesque sem et porttitor. Praesent id enim erat. Praesent sem metus, auctor nec orci et, feugiat egestas augue. Pellentesque scelerisque enim augue, et lobortis eros accumsan rhoncus. Donec sagittis arcu laoreet eleifend congue. Donec sagittis ante id eleifend auctor. In eget luctus tortor. Mauris non volutpat risus. Quisque et nibh sed sem congue rhoncus. Cras non pharetra ante, a cursus lorem.

Sed ut porttitor lectus. Morbi sodales non diam non placerat. Fusce enim nulla, dictum at elit eu, consectetur porttitor ipsum. Nam vitae felis tincidunt, faucibus nisl non, gravida lectus. Donec rhoncus arcu massa, et scelerisque diam egestas ut. Cras auctor non justo ac consectetur. Mauris suscipit nisl at elit interdum, eu ultrices sapien porta. Maecenas aliquam id neque non imperdiet. Nullam dignissim consequat sapien, a ultricies leo lacinia ut. Vivamus posuere tortor risus, a tristique lacus vestibulum vitae. Integer placerat risus a dui efficitur, vel lacinia sem tincidunt. Praesent nec lorem quis nibh ullamcorper interdum non ut felis. Ut interdum tortor sit amet dui tempor blandit. Suspendisse lacinia turpis scelerisque massa venenatis, et pretium sapien hendrerit. Sed mattis auctor nibh, in lacinia turpis sodales scelerisque. Maecenas commodo, nunc non rutrum maximus, metus urna tempus risus, at ultricies sem enim ut massa.

Cras pharetra justo nunc, at dictum lectus finibus id. Nulla egestas magna sit amet posuere finibus. Curabitur scelerisque, est ut consectetur pulvinar, libero magna posuere tellus, eu mattis neque dui sed elit. Curabitur pharetra ipsum ut sem iaculis blandit. Aliquam non mi pellentesque, luctus nulla quis, condimentum augue. Donec sit amet turpis neque. Etiam massa ex, aliquam ac tincidunt eget, interdum vulputate sapien. Integer dapibus porttitor purus eu ultrices. Donec vestibulum congue odio. Donec vel massa et lectus facilisis maximus sed rhoncus est. Vivamus tincidunt sit amet metus a laoreet. In quis ante in odio convallis eleifend ut at odio. Donec in enim blandit, fermentum nulla a, maximus felis. Praesent aliquet nec tellus ac consequat. Integer fringilla tellus ut mi feugiat, ac cursus turpis viverra.

Aliquam gravida auctor mi id placerat. In hac habitasse platea dictumst. Proin commodo luctus neque et blandit. Phasellus lorem turpis, finibus bibendum purus ac, sollicitudin consequat libero. Donec sit amet ipsum sodales, lacinia dolor non, sodales risus. Ut dapibus consequat ultricies. Donec pharetra tristique sapien mollis suscipit. Vestibulum vitae imperdiet nisl. Pellentesque gravida eget quam ut rhoncus. Mauris eros metus, egestas nec bibendum semper, scelerisque quis metus.

Quisque lobortis eu ipsum non mattis. Donec feugiat orci dignissim diam rutrum, eu scelerisque odio pharetra. Donec fringilla pharetra ligula et finibus. Suspendisse laoreet purus arcu, eget aliquet leo tempus id. Mauris ut tincidunt felis, non interdum mi. Nunc tempus tortor eu varius laoreet. Suspendisse porta justo eu nibh fermentum, eu tristique tellus sagittis. Suspendisse ac fringilla ligula, quis interdum elit. Interdum et malesuada fames ac ante ipsum primis in faucibus. Donec ut maximus risus. Nam mauris turpis, cursus vel feugiat a, pellentesque vitae nibh. Etiam eget arcu vel orci dapibus posuere. Quisque congue ut lorem sed dictum. Suspendisse placerat neque sit amet pretium congue. Nam facilisis ex ut eleifend vestibulum. Mauris convallis tortor eget condimentum eleifend.

Praesent egestas ac nulla eget porttitor. Vestibulum non pellentesque lacus, eget vestibulum magna. Fusce dapibus vestibulum vestibulum. Phasellus at dolor et orci sodales congue. Donec eleifend at sem ut ultrices. Nulla finibus dui vitae nibh dapibus, et fringilla justo posuere. Integer interdum mattis hendrerit.

Quisque libero magna, tempus a turpis id, egestas volutpat magna. Nulla eget orci nec leo varius porttitor. Mauris ornare consectetur pellentesque. Suspendisse eget fringilla diam, ac viverra mi. Sed faucibus mi enim, id pulvinar nunc faucibus sed. Integer et tincidunt velit. Nullam porta interdum hendrerit. Proin id magna sed augue congue sollicitudin nec sit amet orci. Donec sed risus commodo, condimentum lectus pulvinar, tempus nisl. Quisque congue nibh risus, id mattis risus scelerisque quis. Donec laoreet tincidunt mi quis aliquam. Duis efficitur ante at quam commodo, eget luctus nulla malesuada. Suspendisse turpis justo, condimentum sit amet velit et, commodo molestie mauris.

Sed ut urna sed urna lacinia elementum. Donec cursus ante tellus, congue feugiat ante pharetra ac. Aliquam eget iaculis dolor. Pellentesque a enim vitae ex maximus aliquam. Nullam egestas rutrum urna, ut venenatis dui ultrices at. Aenean metus erat, vestibulum vel facilisis a, congue ac metus. Duis convallis nec erat quis tincidunt. Morbi vitae ipsum vitae lorem euismod viverra ut vitae ipsum. Mauris ullamcorper bibendum libero id porta. Suspendisse potenti. In tempus dui ut viverra scelerisque. Fusce auctor ullamcorper ligula sed imperdiet. Sed in nibh risus. Interdum et malesuada fames ac ante ipsum primis in faucibus.

Praesent malesuada elit sed risus bibendum, vel mollis magna porttitor. Cras dapibus arcu ex, quis cursus purus maximus non. Donec ut molestie nunc, sit amet efficitur eros. Vivamus sit amet eros eget arcu molestie iaculis. Phasellus mollis diam risus, sed consectetur mi scelerisque ac. Maecenas eget metus quis ipsum semper auctor. Curabitur volutpat eget urna sed cursus. Vivamus leo enim, dictum vitae venenatis ut, interdum cursus nibh. Cras eleifend enim eget justo semper lobortis. Interdum et malesuada fames ac ante ipsum primis in faucibus. In quis neque nunc. Suspendisse erat nibh, vehicula vitae lectus sed, feugiat mattis purus. Fusce imperdiet nisi ac aliquet pharetra.

Praesent tempus posuere massa. Aliquam interdum id ligula non efficitur. Nullam egestas urna at erat auctor cursus. In faucibus eros et ligula venenatis pharetra. Duis bibendum felis turpis, quis hendrerit sem consectetur nec. Integer pellentesque, dolor vitae dignissim tempor, risus massa dignissim ligula, sit amet mollis arcu odio a dolor. Aliquam non risus vitae nisi bibendum facilisis eu ac nulla. Cras ut dictum elit, non consectetur metus. Curabitur fermentum ligula non arcu luctus dapibus. Proin posuere elit nec orci faucibus scelerisque. Donec orci purus, ultrices a bibendum quis, egestas at lectus. Fusce viverra dui ac turpis tristique vestibulum nec sit amet nulla. Vestibulum leo arcu, condimentum ut tincidunt vitae, aliquam vitae lacus.

Nam sed dui in neque cursus ullamcorper a non eros. Fusce orci magna, ultricies eget dui vel, pulvinar cursus odio. Duis vel metus mattis, euismod orci semper, lobortis ante. Vivamus venenatis felis enim, sit amet suscipit dui finibus vel. Suspendisse nisi ipsum, mattis at condimentum pharetra, dictum nec libero. Curabitur gravida mattis nunc, a luctus odio bibendum sit amet. Vivamus ac hendrerit neque. Class aptent taciti sociosqu ad litora torquent per conubia nostra, per inceptos himenaeos. Curabitur vitae malesuada orci. Proin a ipsum urna.

Vivamus placerat elit sed massa gravida ultricies. Proin aliquet sapien eget urna rhoncus, vitae tincidunt odio fringilla. Nunc eget risus ac ante ullamcorper facilisis sed sit amet mauris. Curabitur eu ante turpis. Aenean sed urna a lacus rutrum maximus. Praesent a orci quis ante consectetur ullamcorper eget a sapien. Sed tempus congue nisl. Curabitur placerat, diam ac consequat luctus, ante lorem condimentum elit, luctus suscipit risus sapien ac dui. Duis mattis consequat justo euismod sagittis. Curabitur nec mi commodo, auctor neque nec, vulputate neque. Maecenas a eros feugiat, tempor enim ac, finibus mauris. Praesent neque orci, vulputate non dictum ut, luctus ac magna. Ut suscipit felis id odio aliquet, quis consequat urna semper. Sed sagittis feugiat mollis. Integer a est blandit, tincidunt leo eget, posuere eros.

Morbi laoreet tristique consequat. Nunc posuere iaculis ipsum at mattis. Vestibulum blandit vitae urna nec ullamcorper. Nullam lacinia ex at diam maximus facilisis. Sed tempor nulla neque, tempor aliquet purus hendrerit porta. Donec sollicitudin vehicula turpis. Nunc in faucibus lorem. Aliquam erat volutpat. Nullam lectus odio, interdum rutrum nibh quis, venenatis faucibus dolor. Quisque blandit non enim ut aliquam. Cras tincidunt malesuada massa at lobortis. Proin dapibus porttitor leo vitae aliquam. Fusce velit orci, ultrices et ultrices et, rutrum in quam. Vivamus luctus odio et lorem commodo, nec lobortis sapien gravida.

Donec ipsum sem, mollis eget ultrices ac, sodales quis nibh. Integer ullamcorper massa ut nisi cursus porttitor. Nunc laoreet tempus sapien, eget euismod neque egestas id. Interdum et malesuada fames ac ante ipsum primis in faucibus. Vestibulum ante ipsum primis in faucibus orci luctus et ultrices posuere cubilia curae; Praesent efficitur augue felis, id efficitur justo pharetra quis. Integer fermentum, ex ac pretium maximus, velit tortor maximus nunc, eget efficitur neque eros at dolor. In nec sapien eget leo molestie maximus non non libero. Curabitur blandit ac turpis at facilisis. Class aptent taciti sociosqu ad litora torquent per conubia nostra, per inceptos himenaeos.

Maecenas ornare vitae elit vitae placerat. Cras vitae enim viverra, volutpat mi non, rutrum metus. Donec eu quam sit amet diam mattis maximus. Nam sodales tellus a elit eleifend, a imperdiet nunc fermentum. Quisque dictum libero vitae ante ultricies, eu mattis eros finibus. Donec posuere ac purus et semper. Suspendisse elementum congue imperdiet. Duis quis nulla id ex aliquam venenatis nec vitae tortor.

Sed at faucibus augue. Donec consequat leo eget dolor commodo pellentesque. Vestibulum aliquam leo sed lectus placerat fermentum. Donec laoreet tortor quis est aliquet, consectetur molestie massa tristique. Quisque tincidunt ultrices accumsan. Duis suscipit risus mi, vel mollis metus lobortis sit amet. Maecenas eu arcu tincidunt, aliquam ipsum eget, molestie mi. In egestas risus vel semper malesuada. Duis dui velit, varius vitae mauris at, pulvinar finibus enim. Quisque feugiat aliquet tincidunt. Nam tortor nisi, finibus vitae suscipit et, pretium id turpis. Vivamus lacus orci, facilisis in ligula et, commodo bibendum ex. Curabitur sit amet urna ex. Sed rutrum eleifend sapien sit amet tincidunt. Vivamus faucibus magna at libero pretium, ut sollicitudin nulla sodales.

Nullam ornare, mauris in iaculis vestibulum, velit augue consectetur nunc, at maximus diam dui in lacus. Quisque aliquet massa nulla, non vestibulum elit semper vel. Mauris eu nisl tincidunt libero faucibus sagittis. Donec blandit ante quis tortor convallis maximus. Quisque nec semper arcu. Donec sagittis ultricies leo nec tempor. Quisque dapibus fringilla ante. Aliquam sodales lorem at eros pellentesque pellentesque. Maecenas placerat dignissim est, sit amet efficitur mi porttitor sit amet. Praesent luctus ut sapien sed varius. In gravida consequat neque rutrum suscipit. Nam at mi vestibulum, tincidunt erat vel, mollis enim. Proin at nulla blandit nisi eleifend scelerisque.

Nullam ornare ligula at hendrerit efficitur. Donec bibendum auctor lorem, ac vulputate est euismod sit amet. Pellentesque vitae lorem non justo egestas hendrerit. Pellentesque augue purus, dictum et hendrerit sed, imperdiet vitae ante. Nulla in nulla quis eros sollicitudin iaculis bibendum eu turpis. Donec vel leo venenatis, vehicula nisi a, rutrum sem. Donec vitae arcu vel sem sodales condimentum id sit amet dolor. Lorem ipsum dolor sit amet, consectetur adipiscing elit. Morbi sed pretium ex, et dapibus odio. Praesent eget iaculis nisi. In pellentesque diam diam, eu porta ligula dictum quis. Lorem ipsum dolor sit amet, consectetur adipiscing elit. Nullam efficitur mi vitae massa cursus, eget euismod dui iaculis.

Nullam cursus magna vestibulum, sodales ex at, pulvinar orci. Nam efficitur mauris et ex hendrerit posuere. Nam malesuada velit ac erat fermentum, id fringilla eros venenatis. Quisque et nunc dictum, egestas neque id, mattis elit. Maecenas vel justo tristique, sollicitudin justo ac, molestie quam. Phasellus vestibulum maximus faucibus. Quisque ultrices sagittis tellus at sagittis. Proin eu purus eu nunc commodo bibendum dignissim a sapien. Fusce elementum, erat nec pretium hendrerit, orci odio scelerisque odio, eu viverra nunc libero ut mi. Orci varius natoque penatibus et magnis dis parturient montes, nascetur ridiculus mus. Proin aliquet, enim id venenatis dictum, risus nulla scelerisque turpis, ut hendrerit purus urna quis massa. Aenean elementum, metus commodo hendrerit tempor, ligula nulla placerat tortor, luctus ultricies nunc arcu at velit. Nam eu diam cursus, egestas purus a, auctor enim. Mauris magna felis, facilisis sed dolor id, consectetur volutpat odio. Cras non sodales urna, ut tincidunt urna.

Nullam vitae rhoncus orci. Donec quis consequat elit. Integer gravida elit in enim scelerisque imperdiet. Praesent in sapien dui. Duis ultrices urna in urna maximus molestie. Praesent vel facilisis tellus. Donec orci orci, consectetur eget posuere ac, imperdiet ut dolor. Proin dictum dui sit amet erat tristique, eget faucibus odio semper. Suspendisse orci arcu, consequat at congue nec, ornare ut urna. Pellentesque ac velit ut nulla rhoncus lacinia quis convallis ex.

Nam et ipsum sed ante ornare porttitor nec non risus. Praesent auctor purus eget neque consequat ultricies. Phasellus efficitur condimentum sapien ut hendrerit. Aliquam eu lacus sem. Suspendisse bibendum enim at mauris molestie interdum. In mollis elementum urna, ut convallis felis euismod non. Praesent volutpat consequat metus nec mattis. Sed lacinia accumsan mi cursus accumsan. Mauris iaculis orci et nisl cursus porta. Maecenas sed tortor tempus, aliquam felis et, aliquet diam. Praesent non consectetur magna. Curabitur non consequat tortor, eu consectetur nisl. Ut commodo consequat dui, eget lacinia augue. Vestibulum ante ipsum primis in faucibus orci luctus et ultrices posuere cubilia curae; Donec faucibus dapibus elit, eu euismod urna dapibus et.

Nullam gravida diam egestas, dapibus ipsum ut, sagittis nisi. Ut ullamcorper lobortis justo, sit amet congue enim posuere eget. Praesent rutrum felis a tincidunt condimentum. Vestibulum ex diam, fringilla sit amet nisi vulputate, eleifend sollicitudin ligula. Aliquam et molestie sem. Sed id vehicula sem. Donec tempus gravida mauris, id sagittis nulla scelerisque et. Duis non nisi sodales neque vehicula molestie. Pellentesque accumsan sem turpis, sit amet imperdiet risus ullamcorper ac. Sed enim lorem, sollicitudin in lobortis in, placerat ut eros. Proin commodo neque volutpat eleifend iaculis.

Cras ante velit, imperdiet eget vulputate non, fermentum vitae ligula. Proin consectetur efficitur tempus. Ut non purus sit amet tortor laoreet gravida. Vivamus eros est, egestas ut metus at, sagittis egestas ipsum. In in enim cursus leo condimentum feugiat. In ac lectus at magna semper finibus. Nam lobortis sollicitudin augue, ultrices mollis mi rhoncus sit amet.

Mauris accumsan, arcu sit amet efficitur sodales, enim ante eleifend velit, id pellentesque ligula dui ac metus. Mauris sed condimentum libero. Phasellus congue, nulla vulputate auctor sagittis, quam odio varius tellus, id aliquet ante nunc ut elit. Sed vitae felis metus. Curabitur mattis erat libero, id cursus elit lobortis sed. Sed eget nisl enim. Integer id orci odio. Phasellus sed erat vitae augue placerat vehicula sit amet et urna.', '2025-06-28 16:14:25', '2025-06-28 16:14:25');

INSERT INTO "categories" ("id", "name", "slug", "color", "created_at", "updated_at") VALUES
('1', 'Web Design', 'web-design', 'red', '2025-06-28 16:14:24', '2025-06-28 16:14:24'),
('2', 'UI UX', 'ui-ux', 'green', '2025-06-28 16:14:24', '2025-06-28 16:14:24'),
('3', ' Machine Learning', 'machine-learning', 'blue', '2025-06-28 16:14:24', '2025-06-28 16:14:24'),
('4', 'Data Structure', 'data-structure', 'orange', '2025-06-28 16:14:24', '2025-06-28 16:14:24');

